{"type": "block", "layer": 1, "block": 0, "features": [{"geom": {"lines": [[-920.0280660502613, -3766.030047748238, 283.3134765625, -763.390410553664, -3702.8773006703705, 280.67987060546875, -660.7761039417237, -3659.681787786074, 282.6716003417969, -608.2221723366529, -3660.805906048976, 283.1739807128906, -595.6875976733863, -3670.978247755207, 283.968994140625, -547.9092722255737, -3709.198126219213, 285.4462585449219, -390.2586093638092, -3938.5135642541572, 287.5464782714844, -361.5938404854387, -3962.395604335703, 288.42108154296875, -328.1534654516727, -3967.168318307027, 289.1599426269531, -289.93748426251113, -3952.8501678528264, 289.301513671875]]}, "mtl": {"idx": 0}}], "featureCount": 1, "startIndex": 0}