{"type": "block", "layer": 3, "block": 0, "features": [{"geom": {"lines": [[-4367.915522439405, -5175.660573936999, 0.0, -4311.28729747422, -5111.59770704899, 0.0, -4140.968476559967, -4907.59542353265, 0.0, -3958.649414539337, -4719.378806467168, 0.0, -3783.877813993022, -4585.385777682066, 0.0, -3412.3490134701133, -4358.871283891611, 0.0, -3302.498939955607, -4295.723214494064, 0.0, -3180.036368135363, -4222.034481428564, 0.0, -3051.6738633010536, -4162.47860052716, 0.0, -2954.759114617482, -4127.209222030826, 0.0, -2917.912363164127, -4113.812714129686, 0.0, -2673.6551364660263, -4035.275926523842, 0.0, -2669.5251833554357, -4033.9491604715586, 0.0, -2624.9194633960724, -4019.5574201205745, 0.0, -2571.26346883364, -4002.2357008717954, 0.0, -2523.6075948253274, -3986.867250494659, 0.0, -2421.9951636288315, -3958.2125669680536, 304.29058837890625, -2371.5229065045714, -3939.8034910792485, 304.3940734863281, -2309.462290385738, -3906.3943192763254, 302.12322998046875, -2150.8988077007234, -3813.9793641632423, 307.1869812011719, -2095.6620763670653, -3792.732066084631, 304.5148010253906, -1973.1549767497927, -3757.719049397856, 300.70111083984375, -1567.4288286566734, -3523.736026345752, 293.5364074707031, -1456.7772548086941, -3422.323444155045, 296.69647216796875, -1145.1160764321685, -3089.4939107308164, 299.9121398925781, -961.9287223853171, -2895.3369572507218, 297.4106750488281, -936.6146701779217, -2867.5630051027983, 297.7218933105469, -742.3844226412475, -2659.0064801210538, 302.8451232910156, -589.1642755139619, -2521.4402406550944, 299.88427734375, -346.85513990558684, -2249.950088447891, 300.6226806640625, -312.8581674154848, -2213.547959088348, 304.2424011230469, 133.9003449846059, -1731.5128580965102, 302.7472229003906]]}, "mtl": {"idx": 0}}, {"geom": {"lines": [[-143.37424268200994, -2055.514719195664, 301.6722106933594, -155.59712277166545, -2089.44770852942, 302.44732666015625, -208.88576301559806, -2150.7331611616537, 303.61065673828125]]}, "mtl": {"idx": 0}}, {"geom": {"lines": [[133.9003449846059, -1731.5128580965102, 302.7472229003906, -143.37424268200994, -2055.514719195664, 301.6722106933594, -217.668870838359, -2142.9365717405453, 303.50811767578125]]}, "mtl": {"idx": 0}}, {"geom": {"lines": [[102.53051248006523, -2565.913615058176, 293.21502685546875, 44.24362710118294, -2367.7444010535255, 297.3665771484375, 28.113432882353663, -2266.8701104326174, 298.49188232421875, 28.113432882353663, -2124.7445002179593, 300.1253356933594, 91.77704966813326, -1911.339381704107, 300.96917724609375, 136.47182522155344, -1825.88726530876, 300.7386169433594]]}, "mtl": {"idx": 0}}, {"geom": {"lines": [[133.9003449846059, -1731.5128580965102, 302.7472229003906, 253.25710301473737, -1602.6494433246553, 300.35888671875, 287.5991659220308, -1554.1338852150366, 299.9672546386719, 313.00227372162044, -1514.3368989126757, 300.44140625, 367.2927893809974, -1418.391984315589, 302.4892272949219, 401.9688107650727, -1355.8843135004863, 304.5150451660156, 523.2625279333442, -1137.5368188917637, 301.91326904296875, 563.471128007397, -1063.7821315899491, 301.21142578125, 744.6435992736369, -743.5008299369365, 296.6623229980469, 805.2236661631614, -628.0976105937734, 296.38983154296875, 875.4662648513913, -502.6638532122597, 297.14263916015625, 927.0517168864608, -400.01465932186693, 297.4390869140625, 941.7124938238412, -364.3784153582528, 296.82720947265625, 951.586532657966, -332.65041016973555, 296.01031494140625, 961.0932171717286, -296.99543026741594, 295.1853942871094, 969.820665249601, -252.34351988695562, 293.7485656738281, 975.8096538539976, -205.64495067112148, 293.7579345703125, 978.6371689196676, -168.80948745273054, 294.8472900390625, 976.7558695264161, -76.01950341369957, 298.05816650390625, 974.0062781032175, -43.036672870628536, 298.4682312011719, 971.6240410003811, -19.179806284606457, 298.23114013671875, 965.9356150198728, 82.29563582595438, 296.908935546875, 951.3861575722694, 226.5094975186512, 295.3934631347656, 947.6792185306549, 270.8693338893354, 296.31585693359375, 941.0891046766192, 308.59198175370693, 299.1839904785156, 938.0946103744209, 333.1320793442428, 299.9271545410156, 937.7940477468073, 353.7819568151608, 299.9658203125, 935.7012413218617, 384.3143733078614, 298.99920654296875, 925.8272024877369, 443.8861083080992, 296.9980163574219, 921.0293324347585, 477.70077856164426, 296.6685485839844, 917.7454074565321, 520.8082371726632, 296.2850341796875, 907.2257155776024, 645.1352837318555, 298.6917724609375, 899.4778790175915, 719.8467562012374, 298.4270324707031, 889.770819419995, 786.1510065961629, 297.59881591796875, 884.5165394544601, 819.2295839013532, 296.08575439453125, 879.1286761015654, 846.4632755536586, 295.66986083984375, 871.6480063199997, 883.8936191331595, 295.7325439453125, 861.7628355361521, 917.7101490721107, 296.7123718261719, 839.4098817836493, 1011.0474635800347, 297.50238037109375, 763.6681002508849, 1192.0829173671082, 294.19921875, 753.8497211616486, 1217.6214527580887, 294.8321533203125]]}, "mtl": {"idx": 0}}, {"geom": {"lines": [[-717.8718707691878, -4257.04546695482, 297.087646484375, -105.69259504787624, -4021.621282041073, 298.35113525390625]]}, "mtl": {"idx": 0}}, {"geom": {"lines": [[392.99645980633795, 3540.752151417546, 0.0, 235.54617202840745, 3017.472963021137, 296.44110107421875, 214.85187868960202, 2877.3216230217367, 295.4496154785156, 215.16357326321304, 2849.619938037358, 295.4331970214844, 215.78696241229773, 2795.470982627012, 296.0096740722656, 245.8877527229488, 2608.276293645613, 295.6921081542969, 538.123679952696, 1859.8179507860914, 296.2469787597656, 693.2919181715697, 1375.4089986756444, 298.52093505859375, 753.8497211616486, 1217.6214527580887, 294.8321533203125]]}, "mtl": {"idx": 0}}, {"geom": {"lines": [[119.94088084064424, -3921.9656274029985, 296.7047119140625, 275.4096816815436, -3794.4090014621615, 305.37957763671875, 328.33096760325134, -3679.7684673992917, 296.38861083984375, 359.1998624019325, -3584.218077659607, 292.90521240234375, 332.4052609670907, -3431.556225596927, 293.9109802246094]]}, "mtl": {"idx": 0}}, {"geom": {"lines": [[136.47182522155344, -1825.88726530876, 300.7386169433594, 253.25710301473737, -1602.6494433246553, 300.35888671875]]}, "mtl": {"idx": 0}}, {"geom": {"lines": [[-217.668870838359, -2142.9365717405453, 303.50811767578125, -258.0444501489401, -2189.5132472245023, 304.4902038574219]]}, "mtl": {"idx": 0}}, {"geom": {"lines": [[-208.88576301559806, -2150.7331611616537, 303.61065673828125, -247.69173750467598, -2193.8262299774215, 304.4902648925781]]}, "mtl": {"idx": 0}}], "featureCount": 11, "startIndex": 0}