{"type": "block", "layer": 11, "block": 0, "features": [{"geom": {"lines": [[630.2071627378464, 656.3825239725411, 325.62493896484375, 630.2739544324577, 656.2534571923316, 325.61529541015625, 669.3359637521207, 617.5150788826868, 322.3009338378906, 653.9516101237386, 601.9902792964131, 323.90234375, 614.8228091113269, 640.8023347426206, 326.2891845703125, 618.3182411212474, 644.3240079982206, 326.182373046875, 612.3626483622938, 656.2350190794095, 327.05078125, 607.8430770374835, 656.1981428600848, 327.3416442871094, 607.5647783093154, 711.3282855544239, 328.7918701171875, 621.9583884719759, 711.3651620298624, 327.8164367675781, 629.9399959594011, 711.1807796480134, 327.2230529785156, 630.2071627378464, 656.3825239725411, 325.62493896484375]]}, "mtl": {"idx": 0}}, {"geom": {"lines": [[621.9583884719759, 711.3651620298624, 327.8164367675781, 607.5647783093154, 711.3282855544239, 328.7918701171875, 601.9097481779754, 711.3098473167047, 329.1572570800781, 601.7761647887528, 761.7754646902904, 329.0997619628906, 605.4163121376187, 761.7939030434936, 328.9471740722656, 621.8248050827533, 761.8307797536254, 328.1490478515625, 621.9583884719759, 711.3651620298624, 327.8164367675781]]}, "mtl": {"idx": 0}}, {"geom": {"lines": [[391.78307735547423, -1912.7217962779105, 298.7273864746094, 382.9554417356849, -1929.163295282051, 298.3707580566406, 407.9466674197465, -1942.5818927539513, 297.8361511230469, 416.78543498925865, -1926.1404213188216, 298.448486328125, 391.78307735547423, -1912.7217962779105, 298.7273864746094]]}, "mtl": {"idx": 0}}, {"geom": {"lines": [[378.05738414265215, -1938.2872067261487, 298.2367858886719, 368.36145649291575, -1956.3322453917935, 298.8883056640625, 388.39896483533084, -1967.0781479636207, 298.4649963378906, 398.09489248506725, -1949.0515656387433, 297.7991943359375, 378.05738414265215, -1938.2872067261487, 298.2367858886719]]}, "mtl": {"idx": 0}}], "featureCount": 4, "startIndex": 0}